Alimentação	a j mm
Alimentação	adega
Alimentação	america
Alimentação	arabe
Alimentação	arcos dourados
Alimentação	armazem
Alimentação	aves
Alimentação	bacio di latte
Alimentação	banca
Alimentação	bar
Alimentação	beer
Alimentação	bistro
Alimentação	buffet
Alimentação	burger
Alimentação	burger king
Alimentação	cafe
Alimentação	cantina
Alimentação	cao veio
Alimentação	carnes
Alimentação	carrefour
Alimentação	cerveja
Alimentação	chocolate
Alimentação	chopp
Alimentação	churrasco
Alimentação	coco
Alimentação	coffee
Alimentação	comper
Alimentação	conveniencia
Alimentação	cookie
Alimentação	cookies
Alimentação	cozinha
Alimentação	delivery
Alimentação	dia
Alimentação	dia brasil
Alimentação	doce
Alimentação	doceira
Alimentação	doceria
Alimentação	emporio
Alimentação	espetinho
Alimentação	espeto
Alimentação	festval
Alimentação	filili
Alimentação	food
Alimentação	frango
Alimentação	frida & mina
Alimentação	gelateria
Alimentação	graal
Alimentação	grill
Alimentação	grsa gr pao de
Alimentação	hamburger
Alimentação	horta
Alimentação	hot dog
Alimentação	ice cream
Alimentação	ifood
Alimentação	jeronimo
Alimentação	kalili
Alimentação	kilo
Alimentação	lanche
Alimentação	lanchonete
Alimentação	liv up
Alimentação	madero
Alimentação	massas
Alimentação	mate
Alimentação	mc donalds
Alimentação	mercado
Alimentação	mercearia
Alimentação	milk
Alimentação	muffato
Alimentação	natural
Alimentação	oba
Alimentação	ovos
Alimentação	oxxo
Alimentação	padaria
Alimentação	padeira
Alimentação	paderia
Alimentação	paes
Alimentação	panif
Alimentação	pao de acucar
Alimentação	pao de acucar
Alimentação	pastorinho
Alimentação	pescado
Alimentação	pescados
Alimentação	pizza
Alimentação	pizzaria
Alimentação	pizzeria
Alimentação	popeyes
Alimentação	porco
Alimentação	rappi
Alimentação	rascal
Alimentação	refeitorio
Alimentação	reidomate
Alimentação	rest
Alimentação	restaurante
Alimentação	sabor
Alimentação	sanduiche
Alimentação	sandwich
Alimentação	shawarma
Alimentação	si senor
Alimentação	sobaria
Alimentação	sorvete
Alimentação	sorveteria
Alimentação	spoletto
Alimentação	supermercado
Alimentação	sushi
Alimentação	tabacaria
Alimentação	tasty
Alimentação	temakeria
Alimentação	thai
Alimentação	trela
Alimentação	viena
Alimentação	wine
Alimentação	yoggi
Alimentação	yogoberry
Alimentação	z deli
Compras	acessorio
Compras	adidas
Compras	amazon
Compras	brastemp
Compras	calcados
Compras	calvin klein
Compras	cea
Compras	cea spe
Compras	celular
Compras	centauro
Compras	comercio
Compras	ecomm
Compras	ecommerce
Compras	eletronico
Compras	esportivo
Compras	khelf
Compras	luiza
Compras	marketplace
Compras	mercadolivre
Compras	minimal club
Compras	moveis
Compras	music
Compras	nike
Compras	online
Compras	papelaria
Compras	pernambuanas
Compras	pernambucanas
Compras	philips
Compras	ray ban
Compras	reebok
Compras	reserva
Compras	richard
Compras	roupa
Compras	samsonite
Compras	samsung
Compras	shop
Compras	store
Compras	surf
Compras	tecnologia
Compras	tenis
Compras	tng
Compras	vans
Compras	vans zzlink
Compras	varejo
Compras	vestuario
Compras	vivo parcela
Compras	zzlink
Filhos	colegio
Investimento	aplicacao
Investimento	aplicacao rdb
Investimento	bitcoin
Investimento	compra de acao
Investimento	compra de etf
Investimento	compra de fii
Investimento	criptomoeda
Investimento	nuinvest
Investimento	resgate
Investimento	resgate rdb
Investimento	tesouro
Lazer	cinemark
Lazer	cinemark brasil
Lazer	estudio
Moradia	claro
Moradia	comgas
Moradia	condominio
Moradia	eletropaulo
Moradia	energia
Moradia	gas
Moradia	pref mun sao paulo
Moradia	secretaria municipal da fazenda
Moradia	seguro lar
Moradia	tim
Moradia	vivo
Saúde	academia
Saúde	assistencia saude
Saúde	bioritmo
Saúde	buddha spa
Saúde	consulta
Saúde	cosmetico
Saúde	decathlon
Saúde	drogaria
Saúde	drogasil
Saúde	farma
Saúde	genera
Saúde	hair
Saúde	hospital
Saúde	massagem
Saúde	medipreco
Saúde	odontologia
Saúde	quiropraxia
Saúde	raia
Saúde	sami
Saúde	spa
Saúde	ultrapopular
Serviços	amazon kindle unltd
Serviços	amazon prime
Serviços	app
Serviços	apple.com
Serviços	assinatura
Serviços	duoling
Serviços	google
Serviços	google one
Serviços	google youtube
Serviços	google youtubepremium
Serviços	granacapital
Serviços	Hbomaxassin
Serviços	investidor10
Serviços	linkedin
Serviços	melimais
Serviços	netflix
Serviços	netflix.com
Serviços	onlyfans
Serviços	openai
Serviços	servicos
Serviços	servicos postais
Serviços	spotify
Serviços	statusinvest
Serviços	youtubepremium
Transporte	99 pop
Transporte	99app
Transporte	abastece ai
Transporte	autopass
Transporte	awto brasil
Transporte	bilheteunicosaopa
Transporte	posto
Transporte	sptrans
Transporte	turbi
Transporte	uber
Transporte	uber trip
Transporte	uber trip help
Transporte	viacaocometa
Viagem	1001
Viagem	agoda
Viagem	airbnb
Viagem	andorinha
Viagem	azul
Viagem	bus
Viagem	clickbus
Viagem	eucatur
Viagem	gol
Viagem	gol linhas
Viagem	gru
Viagem	kiwicom
Viagem	latam
Viagem	msc cruzeiros
Viagem	nuviagens
Viagem	penha
Viagem	rodosnack
Viagem	smiles
Viagem	turismo
Viagem	viagem
Viagem	viagem
Viagem	viagens
Viagem	wemobi
Viagem	zupper